Date,TransportType,Route,DepartureTime,ArrivalTime,Passengers,DepartureStation,ArrivalStation,Delay
2023-02-01,Tram,Route_4,05:59,07:08,50,Station_10,Station_12,4
2023-02-01,Bus,Route_8,09:14,10:02,73,Station_15,Station_10,3
2023-02-01,Bus,Route_9,20:49,22:22,79,Station_16,Station_18,3
2023-02-01,Tram,Route_5,08:21,09:26,88,Station_9,Station_13,5
2023-02-01,Train,Route_9,14:19,14:56,95,Station_12,Station_13,7
2023-02-01,Metro,Route_8,18:03,18:22,38,Station_16,Station_5,15
2023-02-01,Metro,Route_10,09:07,10:53,7,Station_3,Station_3,0
2023-02-01,Metro,Route_4,17:12,18:30,52,Station_7,Station_10,8
2023-02-01,Metro,Route_9,19:52,20:53,92,Station_19,Station_1,8
2023-02-01,Tram,Route_4,14:03,15:18,47,Station_14,Station_4,8
2023-02-01,Metro,Route_6,18:50,19:34,72,Station_17,Station_16,8
2023-02-01,Metro,Route_6,14:16,14:38,14,Station_14,Station_15,1
2023-02-01,Tram,Route_7,21:09,22:48,67,Station_15,Station_12,11
2023-02-01,Tram,Route_2,10:38,11:49,94,Station_15,Station_18,11
2023-02-01,Tram,Route_10,21:27,22:57,35,Station_16,Station_11,10
2023-02-01,Metro,Route_1,21:09,22:05,85,Station_20,Station_1,12
2023-02-01,Bus,Route_4,15:44,15:49,95,Station_17,Station_16,3
2023-02-01,Train,Route_6,18:35,19:56,4,Station_17,Station_6,4
2023-02-01,Metro,Route_6,18:43,19:44,56,Station_14,Station_6,2
2023-02-01,Tram,Route_1,07:52,09:26,1,Station_10,Station_2,1
2023-02-01,Tram,Route_4,08:25,09:01,35,Station_13,Station_12,5
2023-02-01,Tram,Route_7,21:19,21:55,86,Station_20,Station_3,9
2023-02-01,Bus,Route_1,14:56,15:14,33,Station_6,Station_8,15
2023-02-01,Train,Route_8,10:15,11:17,38,Station_16,Station_3,8
2023-02-01,Tram,Route_2,20:44,21:00,70,Station_11,Station_12,6
2023-02-01,Bus,Route_1,19:53,20:33,58,Station_3,Station_12,6
2023-02-01,Metro,Route_1,11:47,12:06,80,Station_3,Station_11,7
2023-02-01,Bus,Route_4,16:44,18:48,96,Station_18,Station_8,6
2023-02-01,Tram,Route_2,10:01,11:44,6,Station_20,Station_13,2
2023-02-01,Bus,Route_8,20:32,21:07,100,Station_11,Station_3,11
2023-02-01,Metro,Route_6,05:45,05:55,86,Station_20,Station_20,9
2023-02-01,Train,Route_6,21:51,23:46,45,Station_18,Station_2,13
2023-02-02,Tram,Route_3,14:46,16:17,56,Station_4,Station_1,3
2023-02-02,Metro,Route_1,09:28,11:13,43,Station_20,Station_1,8
2023-02-02,Train,Route_9,20:06,21:39,43,Station_20,Station_15,14
2023-02-02,Metro,Route_5,22:05,22:37,57,Station_5,Station_11,0
2023-02-02,Tram,Route_7,10:39,12:17,46,Station_12,Station_18,3
2023-02-02,Train,Route_1,13:03,15:07,98,Station_10,Station_2,13
2023-02-02,Metro,Route_10,17:51,18:31,92,Station_12,Station_14,2
2023-02-02,Metro,Route_5,12:19,13:09,72,Station_10,Station_18,7
2023-02-02,Tram,Route_3,13:55,14:01,9,Station_4,Station_9,2
2023-02-02,Train,Route_4,16:27,17:29,34,Station_17,Station_11,8
2023-02-02,Metro,Route_6,07:20,08:58,46,Station_17,Station_18,9
2023-02-02,Tram,Route_4,15:59,16:23,39,Station_14,Station_5,12
2023-02-02,Tram,Route_4,22:39,24:47,47,Station_7,Station_5,12
2023-02-02,Metro,Route_4,15:48,16:47,6,Station_18,Station_5,3
2023-02-02,Metro,Route_1,10:58,12:12,57,Station_5,Station_2,7
2023-02-02,Tram,Route_6,13:06,13:29,29,Station_10,Station_11,6
2023-02-02,Tram,Route_1,22:13,23:37,81,Station_5,Station_15,15
2023-02-02,Metro,Route_9,07:32,08:59,72,Station_13,Station_17,11
2023-02-02,Bus,Route_3,14:15,14:26,38,Station_1,Station_5,0
2023-02-02,Tram,Route_2,05:35,06:10,86,Station_18,Station_11,15
2023-02-02,Bus,Route_10,07:37,08:47,53,Station_20,Station_20,12
2023-02-02,Tram,Route_2,06:33,08:24,54,Station_15,Station_9,7
2023-02-02,Metro,Route_7,06:21,07:25,68,Station_13,Station_6,4
2023-02-02,Tram,Route_7,07:47,09:49,10,Station_5,Station_10,10
2023-02-02,Tram,Route_5,21:51,22:43,28,Station_16,Station_3,3
2023-02-02,Train,Route_10,19:21,20:07,62,Station_14,Station_14,2
2023-02-02,Metro,Route_7,08:57,10:31,97,Station_5,Station_3,3
2023-02-02,Tram,Route_8,05:24,06:33,31,Station_12,Station_14,2
2023-02-02,Metro,Route_6,09:20,10:27,70,Station_19,Station_8,14
2023-02-02,Bus,Route_9,16:07,17:34,75,Station_1,Station_16,12
2023-02-02,Train,Route_9,18:15,19:31,84,Station_14,Station_8,3
2023-02-02,Train,Route_1,12:08,12:12,20,Station_5,Station_8,0
2023-02-03,Metro,Route_9,13:07,13:57,74,Station_11,Station_13,3
2023-02-03,Tram,Route_8,12:09,14:04,87,Station_20,Station_16,10
2023-02-03,Metro,Route_8,21:54,23:14,26,Station_10,Station_14,15
2023-02-03,Metro,Route_10,09:24,10:43,39,Station_10,Station_15,10
2023-02-03,Train,Route_7,17:46,18:48,32,Station_13,Station_11,14
2023-02-03,Tram,Route_4,13:43,15:27,41,Station_12,Station_2,14
2023-02-03,Tram,Route_5,10:41,12:05,97,Station_14,Station_19,14
2023-02-03,Tram,Route_10,15:38,16:32,15,Station_15,Station_3,13
2023-02-03,Bus,Route_8,08:08,09:48,34,Station_16,Station_19,11
2023-02-03,Train,Route_1,13:07,13:50,91,Station_17,Station_17,0
2023-02-03,Bus,Route_6,14:43,15:54,1,Station_17,Station_16,5
2023-02-03,Tram,Route_3,18:12,20:18,90,Station_6,Station_8,6
2023-02-03,Train,Route_3,10:27,11:52,61,Station_4,Station_5,11
2023-02-03,Metro,Route_5,14:47,15:46,64,Station_15,Station_11,2
2023-02-03,Tram,Route_6,07:42,07:57,60,Station_13,Station_3,3
2023-02-03,Train,Route_8,13:02,13:55,97,Station_4,Station_1,4
2023-02-03,Bus,Route_5,14:32,15:29,46,Station_8,Station_3,12
2023-02-03,Train,Route_10,21:27,21:57,80,Station_6,Station_15,10
2023-02-03,Bus,Route_7,08:02,09:48,83,Station_17,Station_15,5
2023-02-03,Bus,Route_3,14:15,14:58,17,Station_12,Station_17,12
2023-02-03,Tram,Route_1,18:55,20:31,5,Station_10,Station_8,5
2023-02-03,Train,Route_7,13:10,15:06,87,Station_13,Station_1,2
2023-02-03,Bus,Route_8,20:45,22:13,81,Station_3,Station_19,7
2023-02-03,Metro,Route_9,06:20,07:04,90,Station_14,Station_4,5
2023-02-03,Bus,Route_7,08:53,10:57,22,Station_18,Station_10,15
2023-02-03,Bus,Route_6,17:16,17:21,45,Station_6,Station_9,3
2023-02-03,Tram,Route_9,06:30,08:15,87,Station_18,Station_18,15
2023-02-03,Metro,Route_1,21:24,21:50,9,Station_19,Station_1,13
2023-02-03,Bus,Route_9,18:18,19:32,41,Station_20,Station_11,11
2023-02-03,Bus,Route_9,15:57,17:28,46,Station_5,Station_6,13
2023-02-03,Tram,Route_8,16:54,18:07,98,Station_20,Station_2,4
2023-02-03,Metro,Route_1,22:00,22:19,47,Station_5,Station_4,0
2023-02-04,Tram,Route_2,09:45,11:26,97,Station_17,Station_7,15
2023-02-04,Bus,Route_7,07:38,09:18,40,Station_6,Station_10,15
2023-02-04,Bus,Route_3,13:38,14:17,63,Station_19,Station_17,14
2023-02-04,Bus,Route_1,18:41,19:33,30,Station_20,Station_5,6
2023-02-04,Bus,Route_6,06:20,06:30,67,Station_10,Station_18,7
2023-02-04,Tram,Route_8,12:27,12:51,82,Station_15,Station_8,7
2023-02-04,Train,Route_8,21:58,23:41,16,Station_13,Station_10,0
2023-02-04,Train,Route_10,11:21,12:41,68,Station_18,Station_9,13
2023-02-04,Train,Route_5,12:09,13:06,2,Station_4,Station_14,7
2023-02-04,Tram,Route_3,16:58,19:08,42,Station_8,Station_6,15
2023-02-04,Tram,Route_5,05:42,07:38,44,Station_18,Station_12,13
2023-02-04,Bus,Route_10,06:21,07:20,24,Station_10,Station_5,2
2023-02-04,Bus,Route_1,12:10,12:40,26,Station_8,Station_13,9
2023-02-04,Metro,Route_8,10:49,11:45,12,Station_1,Station_8,7
2023-02-04,Bus,Route_4,07:52,08:59,16,Station_13,Station_10,11
2023-02-04,Bus,Route_4,14:06,15:14,77,Station_3,Station_1,6
2023-02-04,Metro,Route_10,06:15,08:13,97,Station_3,Station_4,11
2023-02-04,Metro,Route_7,10:12,11:38,90,Station_8,Station_1,6
2023-02-04,Metro,Route_8,22:26,24:26,3,Station_14,Station_19,15
2023-02-04,Metro,Route_5,14:27,15:04,17,Station_10,Station_19,11
2023-02-04,Train,Route_10,18:56,20:26,21,Station_11,Station_10,11
2023-02-04,Bus,Route_4,20:43,21:16,28,Station_13,Station_15,11
2023-02-04,Bus,Route_10,05:54,07:29,19,Station_12,Station_18,11
2023-02-04,Train,Route_8,06:08,08:21,42,Station_9,Station_15,13
2023-02-04,Tram,Route_8,06:56,08:54,29,Station_16,Station_11,12
2023-02-04,Bus,Route_7,15:11,15:33,99,Station_20,Station_10,2
2023-02-04,Bus,Route_9,09:27,10:57,91,Station_13,Station_13,4
2023-02-04,Metro,Route_4,09:16,10:39,99,Station_7,Station_8,10
2023-02-04,Bus,Route_2,11:44,13:26,95,Station_7,Station_20,15
2023-02-04,Tram,Route_10,12:17,13:07,90,Station_15,Station_19,12
2023-02-04,Train,Route_8,08:42,10:18,95,Station_1,Station_17,4
2023-02-04,Tram,Route_2,13:21,15:21,13,Station_2,Station_11,7
2023-02-05,Bus,Route_6,20:09,21:50,39,Station_20,Station_20,55
2023-02-05,Train,Route_8,06:53,08:33,5,Station_3,Station_10,43
2023-02-05,Metro,Route_7,16:51,18:56,8,Station_3,Station_6,68
2023-02-05,Tram,Route_2,19:44,21:07,78,Station_6,Station_16,39
2023-02-05,Bus,Route_6,12:32,14:32,57,Station_20,Station_4,15
2023-02-05,Tram,Route_4,14:13,15:54,48,Station_16,Station_5,34
2023-02-05,Train,Route_3,20:57,22:45,25,Station_5,Station_12,32
2023-02-05,Bus,Route_4,07:51,08:59,91,Station_2,Station_20,48
2023-02-05,Metro,Route_3,10:51,13:19,14,Station_18,Station_4,35
2023-02-05,Metro,Route_1,09:39,11:20,26,Station_5,Station_15,35
2023-02-05,Train,Route_3,05:34,06:10,72,Station_3,Station_11,34
2023-02-05,Tram,Route_6,16:55,19:17,72,Station_15,Station_2,41
2023-02-05,Metro,Route_2,19:54,22:23,20,Station_17,Station_12,38
2023-02-05,Tram,Route_5,19:18,22:16,61,Station_10,Station_3,66
2023-02-05,Metro,Route_1,05:27,07:16,98,Station_8,Station_4,36
2023-02-05,Train,Route_5,19:47,21:28,58,Station_12,Station_19,50
2023-02-05,Bus,Route_5,18:10,19:12,50,Station_18,Station_10,27
2023-02-05,Bus,Route_10,21:32,23:38,41,Station_10,Station_2,58
2023-02-05,Train,Route_2,11:24,12:11,85,Station_13,Station_19,35
2023-02-05,Tram,Route_6,08:44,10:20,8,Station_2,Station_5,27
2023-02-05,Train,Route_9,16:54,19:21,83,Station_12,Station_20,27
2023-02-05,Metro,Route_5,14:12,15:21,32,Station_6,Station_5,29
2023-02-05,Bus,Route_7,22:07,23:55,22,Station_11,Station_11,26
2023-02-05,Train,Route_3,20:05,21:04,29,Station_18,Station_11,58
2023-02-05,Bus,Route_6,15:00,17:48,84,Station_13,Station_19,51
2023-02-05,Bus,Route_5,16:13,17:12,93,Station_13,Station_5,40
2023-02-05,Tram,Route_2,12:50,13:20,68,Station_14,Station_13,25
2023-02-05,Bus,Route_7,12:56,15:13,99,Station_20,Station_2,55
2023-02-05,Metro,Route_7,10:58,12:23,49,Station_17,Station_12,27
2023-02-05,Train,Route_7,14:48,16:24,61,Station_3,Station_5,35
2023-02-05,Metro,Route_10,14:37,16:29,79,Station_7,Station_12,21
2023-02-05,Bus,Route_9,21:37,23:46,46,Station_13,Station_11,65
2023-02-06,Bus,Route_9,16:26,18:18,19,Station_19,Station_15,12
2023-02-06,Tram,Route_7,22:58,24:35,25,Station_8,Station_5,3
2023-02-06,Metro,Route_10,13:56,15:28,49,Station_10,Station_16,9
2023-02-06,Tram,Route_5,22:20,23:47,100,Station_2,Station_11,1
2023-02-06,Bus,Route_7,15:25,16:20,39,Station_7,Station_3,2
2023-02-06,Bus,Route_6,08:21,10:17,65,Station_8,Station_16,9
2023-02-06,Bus,Route_4,09:43,10:04,34,Station_19,Station_4,0
2023-02-06,Tram,Route_3,08:48,10:39,88,Station_6,Station_9,8
2023-02-06,Train,Route_7,16:33,17:55,77,Station_15,Station_17,15
2023-02-06,Train,Route_9,05:11,06:37,14,Station_4,Station_4,2
2023-02-06,Tram,Route_4,21:33,21:53,40,Station_9,Station_17,3
2023-02-06,Bus,Route_6,15:06,16:25,35,Station_20,Station_13,1
2023-02-06,Metro,Route_3,19:22,20:33,74,Station_5,Station_7,9
2023-02-06,Tram,Route_1,07:12,08:21,78,Station_7,Station_4,15
2023-02-06,Tram,Route_9,09:52,10:44,71,Station_16,Station_18,10
2023-02-06,Bus,Route_1,10:20,12:07,71,Station_1,Station_6,14
2023-02-06,Metro,Route_8,20:51,22:28,53,Station_18,Station_13,9
2023-02-06,Train,Route_3,15:45,17:01,2,Station_11,Station_17,4
2023-02-06,Bus,Route_10,10:25,12:29,42,Station_17,Station_13,13
2023-02-06,Bus,Route_1,08:14,08:37,88,Station_18,Station_13,5
2023-02-06,Tram,Route_6,19:14,19:45,37,Station_16,Station_7,15
2023-02-06,Tram,Route_5,10:02,11:16,77,Station_9,Station_6,5
2023-02-06,Train,Route_5,08:40,09:24,36,Station_20,Station_19,1
2023-02-06,Metro,Route_7,17:03,17:43,10,Station_7,Station_13,1
2023-02-06,Tram,Route_8,08:10,10:17,86,Station_8,Station_4,7
2023-02-06,Tram,Route_5,21:49,23:23,89,Station_18,Station_14,5
2023-02-06,Metro,Route_9,12:00,13:33,66,Station_18,Station_10,14
2023-02-06,Train,Route_4,10:44,11:20,41,Station_2,Station_15,9
2023-02-06,Metro,Route_8,12:27,14:07,75,Station_1,Station_10,8
2023-02-06,Tram,Route_7,22:11,22:37,99,Station_11,Station_16,10
2023-02-06,Train,Route_2,19:49,20:34,95,Station_14,Station_8,12
2023-02-06,Metro,Route_2,15:38,17:48,12,Station_9,Station_9,12
2023-02-07,Tram,Route_2,20:12,20:38,63,Station_11,Station_20,5
2023-02-07,Train,Route_8,10:52,12:24,41,Station_9,Station_8,3
2023-02-07,Bus,Route_9,12:47,14:35,85,Station_15,Station_11,11
2023-02-07,Tram,Route_3,10:22,12:01,88,Station_2,Station_18,2
2023-02-07,Metro,Route_8,18:08,19:29,33,Station_8,Station_20,1
2023-02-07,Train,Route_10,18:12,19:26,16,Station_19,Station_5,9
2023-02-07,Bus,Route_6,14:50,15:19,98,Station_17,Station_12,4
2023-02-07,Tram,Route_7,14:58,15:26,79,Station_9,Station_11,2
2023-02-07,Metro,Route_5,05:48,07:50,12,Station_16,Station_9,12
2023-02-07,Train,Route_1,22:09,23:45,84,Station_13,Station_15,9
2023-02-07,Metro,Route_8,15:22,15:58,6,Station_16,Station_20,2
2023-02-07,Metro,Route_6,14:17,15:12,83,Station_11,Station_20,8
2023-02-07,Metro,Route_3,08:39,08:57,72,Station_7,Station_7,6
2023-02-07,Tram,Route_9,18:19,20:10,31,Station_4,Station_9,13
2023-02-07,Tram,Route_8,16:39,18:12,66,Station_16,Station_6,7
2023-02-07,Train,Route_2,05:20,07:08,57,Station_7,Station_10,4
2023-02-07,Tram,Route_4,15:57,17:35,9,Station_12,Station_8,1
2023-02-07,Train,Route_6,12:10,12:37,34,Station_7,Station_16,15
2023-02-07,Train,Route_8,14:22,14:47,89,Station_12,Station_15,4
2023-02-07,Train,Route_4,12:59,14:49,23,Station_10,Station_2,7
2023-02-07,Bus,Route_8,15:37,17:24,13,Station_6,Station_17,1
2023-02-07,Metro,Route_9,19:25,19:45,71,Station_5,Station_18,15
2023-02-07,Metro,Route_7,12:10,13:25,5,Station_20,Station_2,6
2023-02-07,Train,Route_7,05:32,07:20,47,Station_13,Station_13,2
2023-02-07,Tram,Route_6,20:58,21:51,40,Station_5,Station_14,7
2023-02-07,Train,Route_9,14:49,16:23,8,Station_9,Station_15,4
2023-02-07,Bus,Route_3,10:18,11:26,45,Station_14,Station_5,14
2023-02-07,Train,Route_2,20:59,22:06,88,Station_8,Station_17,1
2023-02-07,Metro,Route_9,14:38,15:26,92,Station_18,Station_19,1
2023-02-07,Bus,Route_3,22:38,23:32,7,Station_6,Station_15,15
2023-02-07,Metro,Route_2,12:25,14:03,45,Station_15,Station_7,4
2023-02-07,Tram,Route_9,22:09,22:44,86,Station_8,Station_13,0
2023-02-08,Metro,Route_4,11:03,11:09,42,Station_17,Station_13,4
2023-02-08,Tram,Route_5,18:45,19:04,65,Station_12,Station_7,3
2023-02-08,Bus,Route_4,20:33,21:27,76,Station_10,Station_9,5
2023-02-08,Train,Route_9,18:04,19:26,81,Station_2,Station_11,6
2023-02-08,Tram,Route_9,12:03,12:42,93,Station_16,Station_1,0
2023-02-08,Tram,Route_4,18:30,19:56,35,Station_12,Station_7,7
2023-02-08,Metro,Route_4,16:18,16:30,99,Station_11,Station_4,10
2023-02-08,Tram,Route_9,20:48,21:45,18,Station_5,Station_19,6
2023-02-08,Train,Route_2,14:19,14:50,90,Station_4,Station_10,10
2023-02-08,Tram,Route_1,19:33,19:58,1,Station_16,Station_14,4
2023-02-08,Bus,Route_8,13:50,15:35,61,Station_16,Station_3,5
2023-02-08,Metro,Route_4,06:58,09:03,78,Station_18,Station_19,11
2023-02-08,Metro,Route_3,07:51,08:07,96,Station_4,Station_5,15
2023-02-08,Tram,Route_3,10:30,11:22,77,Station_7,Station_8,15
2023-02-08,Metro,Route_6,07:01,08:23,89,Station_8,Station_2,7
2023-02-08,Bus,Route_7,05:18,06:14,28,Station_17,Station_5,6
2023-02-08,Bus,Route_1,08:18,08:46,79,Station_15,Station_12,9
2023-02-08,Train,Route_4,10:52,12:04,50,Station_15,Station_18,4
2023-02-08,Metro,Route_9,17:23,18:43,95,Station_9,Station_14,14
2023-02-08,Tram,Route_9,09:50,11:04,88,Station_19,Station_16,12
2023-02-08,Bus,Route_3,07:40,08:25,19,Station_14,Station_10,7
2023-02-08,Train,Route_4,15:51,17:40,55,Station_8,Station_12,3
2023-02-08,Train,Route_1,07:40,09:32,32,Station_14,Station_8,3
2023-02-08,Train,Route_8,17:09,17:58,55,Station_16,Station_3,3
2023-02-08,Tram,Route_6,07:56,09:56,28,Station_5,Station_16,13
2023-02-08,Metro,Route_4,11:29,11:43,60,Station_1,Station_13,3
2023-02-08,Train,Route_2,12:01,12:38,75,Station_2,Station_5,6
2023-02-08,Metro,Route_6,20:30,21:49,75,Station_10,Station_20,15
2023-02-08,Train,Route_7,20:35,20:52,84,Station_8,Station_19,4
2023-02-08,Bus,Route_7,18:25,19:30,100,Station_15,Station_14,8
2023-02-08,Train,Route_4,18:18,19:53,53,Station_4,Station_4,13
2023-02-08,Tram,Route_4,08:25,10:06,15,Station_18,Station_13,2
2023-02-09,Train,Route_3,15:31,16:57,70,Station_6,Station_18,11
2023-02-09,Tram,Route_8,09:33,11:09,5,Station_5,Station_12,15
2023-02-09,Tram,Route_8,14:31,15:53,11,Station_13,Station_12,10
2023-02-09,Bus,Route_7,15:52,17:51,48,Station_6,Station_2,1
2023-02-09,Tram,Route_1,17:37,17:54,12,Station_11,Station_7,2
2023-02-09,Tram,Route_4,09:04,10:38,89,Station_10,Station_15,7
2023-02-09,Tram,Route_8,05:59,07:34,16,Station_14,Station_12,3
2023-02-09,Metro,Route_10,22:45,23:56,17,Station_17,Station_17,3
2023-02-09,Train,Route_8,10:37,11:31,8,Station_7,Station_18,6
2023-02-09,Bus,Route_7,22:00,23:51,61,Station_20,Station_5,11
2023-02-09,Bus,Route_10,06:26,08:25,32,Station_6,Station_19,10
2023-02-09,Bus,Route_3,11:08,11:22,45,Station_4,Station_6,10
2023-02-09,Train,Route_8,18:45,20:22,90,Station_13,Station_5,5
2023-02-09,Bus,Route_1,07:49,09:39,87,Station_8,Station_14,13
2023-02-09,Train,Route_6,11:47,12:59,47,Station_10,Station_4,15
2023-02-09,Bus,Route_3,19:02,20:57,62,Station_13,Station_1,11
2023-02-09,Metro,Route_9,06:24,07:03,71,Station_10,Station_11,6
2023-02-09,Tram,Route_1,06:57,08:15,60,Station_6,Station_8,5
2023-02-09,Bus,Route_9,08:45,10:25,74,Station_8,Station_7,7
2023-02-09,Tram,Route_4,16:30,18:11,71,Station_19,Station_18,13
2023-02-09,Metro,Route_5,20:55,22:04,31,Station_13,Station_19,10
2023-02-09,Metro,Route_4,09:01,10:27,85,Station_10,Station_12,2
2023-02-09,Train,Route_2,09:45,10:54,21,Station_10,Station_6,11
2023-02-09,Train,Route_6,16:16,17:56,26,Station_11,Station_18,3
2023-02-09,Metro,Route_7,21:40,23:20,47,Station_11,Station_19,0
2023-02-09,Tram,Route_1,22:48,23:04,41,Station_12,Station_8,3
2023-02-09,Train,Route_10,08:16,10:03,82,Station_18,Station_1,14
2023-02-09,Train,Route_10,05:35,07:30,61,Station_9,Station_18,14
2023-02-09,Metro,Route_1,14:37,16:34,49,Station_8,Station_16,10
2023-02-09,Metro,Route_4,22:23,23:45,10,Station_18,Station_20,4
2023-02-09,Bus,Route_5,03:23,04:09,34,Station_20,Station_7,3
2023-02-09,Train,Route_7,15:50,17:34,96,Station_3,Station_17,9
2023-02-10,Bus,Route_6,10:03,11:27,64,Station_11,Station_19,11
2023-02-10,Metro,Route_4,06:43,07:36,71,Station_6,Station_1,8
2023-02-10,Metro,Route_1,10:12,11:06,34,Station_20,Station_10,1
2023-02-10,Bus,Route_3,09:07,09:42,48,Station_13,Station_20,2
2023-02-10,Tram,Route_10,09:20,10:11,65,Station_15,Station_10,8
2023-02-10,Metro,Route_8,20:16,20:27,97,Station_2,Station_7,7
2023-02-10,Train,Route_4,18:21,18:36,8,Station_11,Station_4,2
2023-02-10,Train,Route_5,15:32,16:37,66,Station_8,Station_13,12
2023-02-10,Tram,Route_6,11:54,13:45,82,Station_6,Station_8,10
2023-02-10,Bus,Route_6,17:57,18:11,4,Station_7,Station_14,12
2023-02-10,Tram,Route_4,17:12,19:17,72,Station_13,Station_11,15
2023-02-10,Train,Route_9,21:26,22:56,65,Station_14,Station_16,4
2023-02-10,Tram,Route_8,15:56,17:49,78,Station_1,Station_5,3
2023-02-10,Tram,Route_2,15:43,17:17,75,Station_14,Station_15,0
2023-02-10,Tram,Route_1,08:42,10:37,81,Station_19,Station_1,4
2023-02-10,Tram,Route_5,12:15,13:37,74,Station_4,Station_17,13
2023-02-10,Tram,Route_1,22:24,23:06,41,Station_10,Station_3,15
2023-02-10,Metro,Route_3,22:21,23:46,2,Station_18,Station_18,13
2023-02-10,Train,Route_6,22:59,23:16,18,Station_7,Station_8,7
2023-02-10,Tram,Route_7,14:04,15:56,67,Station_5,Station_9,0
2023-02-10,Train,Route_2,09:16,10:39,87,Station_1,Station_3,4
2023-02-10,Bus,Route_10,09:49,11:35,77,Station_19,Station_17,2
2023-02-10,Metro,Route_9,15:19,17:04,50,Station_5,Station_19,7
2023-02-10,Train,Route_5,13:26,13:41,44,Station_4,Station_10,2
2023-02-10,Train,Route_3,06:03,07:46,84,Station_1,Station_1,13
2023-02-10,Tram,Route_6,18:01,19:38,35,Station_11,Station_18,6
2023-02-10,Metro,Route_7,14:06,15:39,31,Station_20,Station_8,12
2023-02-10,Train,Route_9,11:30,12:09,45,Station_19,Station_10,14
2023-02-10,Train,Route_6,07:44,09:00,66,Station_2,Station_20,6
2023-02-10,Bus,Route_3,12:34,14:04,73,Station_6,Station_10,3
2023-02-10,Train,Route_2,22:05,23:35,54,Station_9,Station_18,12
2023-02-10,Bus,Route_5,09:46,11:13,89,Station_13,Station_17,3
2023-02-11,Bus,Route_2,08:20,09:29,18,Station_19,Station_9,24
2023-02-11,Train,Route_7,22:00,23:49,40,Station_11,Station_12,41
2023-02-11,Metro,Route_2,05:51,06:58,68,Station_1,Station_3,13
2023-02-11,Tram,Route_3,11:20,12:34,26,Station_5,Station_3,34
2023-02-11,Train,Route_6,12:20,14:09,40,Station_3,Station_13,49
2023-02-11,Tram,Route_6,16:22,17:26,49,Station_5,Station_13,25
2023-02-11,Bus,Route_8,05:29,06:32,58,Station_10,Station_20,60
2023-02-11,Metro,Route_8,19:46,22:31,28,Station_19,Station_9,52
2023-02-11,Train,Route_3,16:13,17:01,81,Station_5,Station_18,34
2023-02-11,Bus,Route_8,13:52,16:18,25,Station_9,Station_16,41
2023-02-11,Train,Route_1,14:34,15:23,21,Station_4,Station_4,21
2023-02-11,Metro,Route_10,06:29,08:23,14,Station_18,Station_18,34
2023-02-11,Bus,Route_1,11:18,12:45,52,Station_13,Station_19,23
2023-02-11,Tram,Route_6,07:02,08:11,6,Station_20,Station_13,47
2023-02-11,Tram,Route_8,17:28,19:39,42,Station_4,Station_9,46
2023-02-11,Tram,Route_8,12:32,12:58,94,Station_14,Station_9,25
2023-02-11,Train,Route_10,21:52,22:50,90,Station_13,Station_1,36
2023-02-11,Train,Route_1,16:28,18:22,86,Station_3,Station_5,46
2023-02-11,Bus,Route_4,11:16,12:54,39,Station_4,Station_15,18
2023-02-11,Tram,Route_10,13:51,16:20,76,Station_13,Station_10,68
2023-02-11,Train,Route_2,22:44,24:48,51,Station_14,Station_7,50
2023-02-11,Bus,Route_4,10:51,11:35,53,Station_8,Station_2,43
2023-02-11,Metro,Route_3,19:24,22:03,23,Station_4,Station_19,66
2023-02-11,Metro,Route_10,14:20,16:34,29,Station_9,Station_17,39
2023-02-11,Train,Route_9,09:08,11:09,13,Station_7,Station_9,25
2023-02-11,Tram,Route_9,20:00,21:04,10,Station_8,Station_11,62
2023-02-11,Tram,Route_5,14:14,16:13,43,Station_12,Station_4,36
2023-02-11,Bus,Route_8,21:51,23:40,16,Station_17,Station_12,41
2023-02-11,Bus,Route_4,21:02,21:38,38,Station_4,Station_10,18
2023-02-11,Tram,Route_5,08:57,11:07,95,Station_9,Station_18,40
2023-02-11,Metro,Route_1,15:20,16:56,28,Station_13,Station_2,58
2023-02-11,Train,Route_1,14:47,15:29,100,Station_6,Station_7,21
2023-02-12,Metro,Route_4,11:36,12:53,24,Station_4,Station_4,11
2023-02-12,Bus,Route_8,13:14,13:43,60,Station_1,Station_19,10
2023-02-12,Train,Route_1,17:51,19:34,23,Station_11,Station_5,12
2023-02-12,Tram,Route_6,15:53,16:52,36,Station_9,Station_18,6
2023-02-12,Train,Route_1,15:16,16:35,63,Station_19,Station_10,3
2023-02-12,Train,Route_5,16:01,16:54,55,Station_17,Station_1,13
2023-02-12,Bus,Route_10,14:21,14:49,41,Station_3,Station_12,5
2023-02-12,Train,Route_4,11:48,13:34,55,Station_9,Station_7,13
2023-02-12,Tram,Route_9,17:25,18:58,18,Station_10,Station_13,9
2023-02-12,Train,Route_6,07:20,09:17,13,Station_19,Station_10,12
2023-02-12,Bus,Route_10,13:15,13:30,86,Station_7,Station_2,14
2023-02-12,Tram,Route_9,13:09,13:44,31,Station_6,Station_19,13
2023-02-12,Tram,Route_2,10:47,11:55,86,Station_13,Station_10,1
2023-02-12,Bus,Route_9,08:41,10:41,62,Station_17,Station_5,1
2023-02-12,Metro,Route_4,11:48,12:46,64,Station_15,Station_4,5
2023-02-12,Tram,Route_7,06:42,08:20,15,Station_4,Station_19,15
2023-02-12,Bus,Route_1,06:38,07:40,78,Station_12,Station_17,3
2023-02-12,Train,Route_5,11:28,13:37,82,Station_2,Station_7,15
2023-02-12,Bus,Route_1,17:59,19:12,46,Station_9,Station_14,6
2023-02-12,Train,Route_5,19:41,20:58,27,Station_15,Station_12,10
2023-02-12,Metro,Route_2,13:54,15:21,99,Station_14,Station_4,10
2023-02-12,Train,Route_4,14:57,16:07,80,Station_17,Station_19,15
2023-02-12,Metro,Route_3,09:31,10:07,14,Station_15,Station_18,11
2023-02-12,Tram,Route_10,16:12,16:47,80,Station_11,Station_12,0
2023-02-12,Bus,Route_5,09:38,10:48,14,Station_8,Station_20,3
2023-02-12,Train,Route_1,18:26,20:20,24,Station_4,Station_18,12
2023-02-12,Tram,Route_6,07:52,08:48,2,Station_10,Station_15,14
2023-02-12,Metro,Route_6,17:17,19:04,43,Station_16,Station_9,7
2023-02-12,Tram,Route_9,15:20,16:07,88,Station_12,Station_8,8
2023-02-12,Tram,Route_7,19:31,21:33,47,Station_19,Station_4,6
2023-02-12,Bus,Route_4,22:10,24:09,8,Station_8,Station_9,4
2023-02-12,Metro,Route_3,18:43,19:52,73,Station_7,Station_8,12
2023-02-13,Tram,Route_5,21:37,21:54,87,Station_6,Station_9,1
2023-02-13,Train,Route_3,20:07,21:54,26,Station_14,Station_15,1
2023-02-13,Bus,Route_2,15:04,17:16,89,Station_4,Station_14,14
2023-02-13,Train,Route_9,19:20,20:44,7,Station_14,Station_3,13
2023-02-13,Tram,Route_9,19:04,19:22,43,Station_17,Station_19,14
2023-02-13,Metro,Route_6,06:11,07:49,4,Station_3,Station_4,15
2023-02-13,Train,Route_8,13:31,14:42,43,Station_20,Station_15,7
2023-02-13,Metro,Route_1,17:34,18:49,37,Station_6,Station_1,8
2023-02-13,Bus,Route_3,03:31,03:38,88,Station_18,Station_6,4
2023-02-13,Metro,Route_1,06:51,07:40,12,Station_2,Station_9,1
2023-02-13,Metro,Route_3,09:48,10:00,87,Station_20,Station_16,9
2023-02-13,Tram,Route_9,17:28,18:11,50,Station_6,Station_7,3
2023-02-13,Tram,Route_6,14:03,14:39,99,Station_20,Station_15,6
2023-02-13,Metro,Route_4,06:17,06:48,91,Station_5,Station_7,7
2023-02-13,Bus,Route_5,12:11,13:55,81,Station_13,Station_12,12
2023-02-13,Tram,Route_2,12:20,13:37,62,Station_2,Station_8,2
2023-02-13,Metro,Route_7,13:29,14:27,29,Station_16,Station_19,15
2023-02-13,Tram,Route_7,15:21,16:50,69,Station_5,Station_16,12
2023-02-13,Tram,Route_6,07:19,08:50,21,Station_10,Station_13,12
2023-02-13,Metro,Route_1,16:44,17:16,56,Station_3,Station_11,14
2023-02-13,Bus,Route_10,15:10,16:56,72,Station_5,Station_17,15
2023-02-13,Metro,Route_9,09:11,11:06,57,Station_19,Station_10,3
2023-02-13,Metro,Route_6,09:22,10:17,58,Station_3,Station_4,0
2023-02-13,Train,Route_2,07:01,08:15,87,Station_4,Station_15,2
2023-02-13,Bus,Route_6,13:37,13:55,70,Station_2,Station_14,1
2023-02-13,Metro,Route_10,21:40,23:07,50,Station_19,Station_12,0
2023-02-13,Bus,Route_1,20:49,22:35,66,Station_11,Station_11,7
2023-02-13,Bus,Route_5,09:51,11:48,46,Station_12,Station_7,9
2023-02-13,Bus,Route_5,17:41,18:24,96,Station_14,Station_4,13
2023-02-13,Train,Route_6,14:16,15:42,65,Station_10,Station_9,0
2023-02-13,Bus,Route_10,14:58,16:17,34,Station_4,Station_3,15
2023-02-13,Tram,Route_3,22:40,23:02,99,Station_12,Station_13,5
2023-02-14,Bus,Route_8,12:51,15:11,52,Station_11,Station_17,71
2023-02-14,Bus,Route_4,16:26,17:50,97,Station_19,Station_8,61
2023-02-14,Metro,Route_2,12:24,15:07,32,Station_2,Station_8,43
2023-02-14,Metro,Route_3,22:34,23:36,91,Station_19,Station_6,42
2023-02-14,Tram,Route_6,17:10,18:19,5,Station_20,Station_13,46
2023-02-14,Metro,Route_10,05:42,06:50,27,Station_8,Station_19,29
2023-02-14,Metro,Route_8,17:24,19:44,93,Station_14,Station_15,42
2023-02-14,Bus,Route_10,19:21,20:29,15,Station_12,Station_11,24
2023-02-14,Metro,Route_2,06:35,08:45,23,Station_9,Station_11,47
2023-02-14,Bus,Route_4,10:47,12:01,77,Station_20,Station_3,33
2023-02-14,Metro,Route_3,20:32,22:21,27,Station_7,Station_4,49
2023-02-14,Tram,Route_10,18:53,21:23,35,Station_12,Station_8,45
2023-02-14,Train,Route_8,09:43,11:02,94,Station_4,Station_10,32
2023-02-14,Train,Route_9,13:08,14:31,54,Station_2,Station_14,66
2023-02-14,Tram,Route_5,11:52,13:30,3,Station_16,Station_7,47
2023-02-14,Train,Route_7,10:39,11:27,72,Station_19,Station_16,25
2023-02-14,Tram,Route_9,11:29,14:10,69,Station_12,Station_16,57
2023-02-14,Train,Route_6,22:54,23:41,36,Station_12,Station_16,20
2023-02-14,Metro,Route_8,15:49,16:54,38,Station_6,Station_10,61
2023-02-14,Tram,Route_7,11:32,11:58,35,Station_5,Station_20,23
2023-02-14,Metro,Route_7,15:53,16:59,51,Station_6,Station_11,19
2023-02-14,Metro,Route_7,20:35,21:22,50,Station_2,Station_17,37
2023-02-14,Train,Route_7,10:54,12:38,97,Station_7,Station_8,48
2023-02-14,Tram,Route_1,08:49,11:39,55,Station_12,Station_5,69
2023-02-14,Bus,Route_9,09:33,11:06,42,Station_3,Station_6,62
2023-02-14,Bus,Route_2,10:40,12:41,97,Station_17,Station_1,19
2023-02-14,Tram,Route_9,18:39,20:07,96,Station_10,Station_17,59
2023-02-14,Metro,Route_1,17:04,18:41,97,Station_7,Station_17,21
2023-02-14,Bus,Route_4,20:59,22:44,87,Station_2,Station_18,30
2023-02-14,Bus,Route_4,06:19,08:55,88,Station_6,Station_13,61
2023-02-14,Tram,Route_3,22:37,24:09,9,Station_18,Station_13,23
2023-02-14,Bus,Route_7,18:00,20:33,16,Station_8,Station_6,58
2023-02-15,Tram,Route_5,20:18,21:22,61,Station_20,Station_2,8
2023-02-15,Tram,Route_8,21:42,23:48,18,Station_8,Station_18,13
2023-02-15,Bus,Route_8,14:21,15:51,26,Station_13,Station_16,13
2023-02-15,Tram,Route_7,07:05,07:32,7,Station_8,Station_1,10
2023-02-15,Tram,Route_6,08:49,09:54,38,Station_3,Station_13,8
2023-02-15,Metro,Route_8,09:10,09:51,26,Station_1,Station_5,13
2023-02-15,Bus,Route_8,17:13,19:07,88,Station_3,Station_2,6
2023-02-15,Bus,Route_8,20:27,21:59,64,Station_4,Station_20,8
2023-02-15,Tram,Route_10,08:38,09:20,46,Station_14,Station_4,15
2023-02-15,Bus,Route_1,06:25,07:19,20,Station_15,Station_15,15
2023-02-15,Train,Route_4,07:49,09:07,90,Station_6,Station_1,9
2023-02-15,Bus,Route_3,10:57,12:19,17,Station_7,Station_9,15
2023-02-15,Metro,Route_8,10:55,12:09,49,Station_15,Station_15,2
2023-02-15,Tram,Route_2,14:49,15:38,92,Station_19,Station_4,3
2023-02-15,Train,Route_9,15:50,17:49,54,Station_5,Station_5,8
2023-02-15,Bus,Route_1,11:23,12:30,68,Station_12,Station_5,10
2023-02-15,Tram,Route_6,14:47,16:35,11,Station_16,Station_11,14
2023-02-15,Bus,Route_1,09:06,10:43,3,Station_20,Station_19,13
2023-02-15,Tram,Route_10,10:32,10:58,66,Station_11,Station_15,8
2023-02-15,Train,Route_8,15:11,15:48,95,Station_19,Station_11,14
2023-02-15,Train,Route_5,19:08,20:22,12,Station_11,Station_19,1
2023-02-15,Metro,Route_2,07:55,09:03,69,Station_7,Station_3,11
2023-02-15,Bus,Route_3,05:12,05:20,6,Station_9,Station_5,3
2023-02-15,Train,Route_4,20:12,21:45,77,Station_18,Station_19,8
2023-02-15,Metro,Route_1,12:03,13:26,40,Station_1,Station_3,7
2023-02-15,Tram,Route_1,09:47,11:26,88,Station_1,Station_3,4
2023-02-15,Train,Route_7,15:39,15:57,28,Station_14,Station_10,13
2023-02-15,Bus,Route_9,22:03,23:36,78,Station_19,Station_20,9
2023-02-15,Tram,Route_6,22:05,23:36,62,Station_20,Station_3,8
2023-02-15,Train,Route_6,21:42,22:48,70,Station_5,Station_8,7
2023-02-15,Metro,Route_4,10:13,11:44,42,Station_5,Station_1,12
2023-02-15,Metro,Route_8,10:06,12:06,64,Station_11,Station_12,14
2023-02-16,Train,Route_4,18:04,19:56,12,Station_9,Station_4,5
2023-02-16,Bus,Route_6,18:30,18:41,19,Station_11,Station_13,7
2023-02-16,Train,Route_4,10:48,11:36,75,Station_4,Station_12,6
2023-02-16,Metro,Route_4,15:14,16:23,25,Station_17,Station_1,10
2023-02-16,Train,Route_4,12:20,12:32,36,Station_16,Station_12,10
2023-02-16,Bus,Route_9,05:14,06:18,15,Station_7,Station_6,4
2023-02-16,Tram,Route_7,15:04,17:06,7,Station_1,Station_12,5
2023-02-16,Tram,Route_7,21:33,22:45,45,Station_3,Station_7,4
2023-02-16,Tram,Route_3,21:25,22:25,27,Station_7,Station_11,5
2023-02-16,Tram,Route_5,07:33,09:07,55,Station_2,Station_11,11
2023-02-16,Tram,Route_7,14:21,15:36,46,Station_9,Station_3,13
2023-02-16,Train,Route_1,11:55,12:31,63,Station_19,Station_13,6
2023-02-16,Metro,Route_9,08:11,09:08,1,Station_13,Station_6,7
2023-02-16,Bus,Route_6,22:10,22:58,33,Station_6,Station_15,6
2023-02-16,Metro,Route_2,22:21,22:44,56,Station_9,Station_6,10
2023-02-16,Metro,Route_6,15:56,17:16,64,Station_6,Station_7,4
2023-02-16,Bus,Route_6,19:45,21:44,23,Station_10,Station_19,8
2023-02-16,Tram,Route_6,09:33,10:00,57,Station_10,Station_10,3
2023-02-16,Train,Route_6,22:31,23:06,16,Station_11,Station_15,13
2023-02-16,Tram,Route_2,18:21,20:03,55,Station_6,Station_4,9
2023-02-16,Bus,Route_7,15:14,16:52,91,Station_3,Station_14,6
2023-02-16,Tram,Route_6,05:42,06:45,38,Station_8,Station_8,15
2023-02-16,Bus,Route_2,17:22,17:38,96,Station_3,Station_1,4
2023-02-16,Train,Route_8,06:29,07:07,12,Station_12,Station_16,11
2023-02-16,Bus,Route_3,07:11,07:51,72,Station_16,Station_8,12
2023-02-16,Metro,Route_7,19:45,21:28,91,Station_4,Station_15,1
2023-02-16,Train,Route_6,20:41,22:41,82,Station_8,Station_8,12
2023-02-16,Bus,Route_8,05:26,06:43,91,Station_7,Station_13,10
2023-02-16,Bus,Route_5,18:27,19:46,77,Station_12,Station_16,0
2023-02-16,Train,Route_7,18:33,19:51,65,Station_15,Station_8,7
2023-02-16,Train,Route_2,16:07,17:22,99,Station_15,Station_2,1
2023-02-16,Train,Route_8,10:44,11:12,98,Station_17,Station_11,5
2023-02-17,Metro,Route_2,07:28,08:18,41,Station_1,Station_4,1
2023-02-17,Metro,Route_2,13:23,14:20,96,Station_2,Station_3,0
2023-02-17,Metro,Route_7,06:16,07:33,91,Station_18,Station_3,4
2023-02-17,Metro,Route_8,15:31,16:08,10,Station_16,Station_18,15
2023-02-17,Tram,Route_8,12:50,14:38,19,Station_11,Station_8,11
2023-02-17,Tram,Route_1,15:28,15:45,40,Station_14,Station_9,3
2023-02-17,Metro,Route_2,18:21,20:26,60,Station_17,Station_16,7
2023-02-17,Metro,Route_5,18:34,18:53,18,Station_8,Station_16,2
2023-02-17,Tram,Route_8,12:56,14:03,56,Station_7,Station_16,13
2023-02-17,Metro,Route_4,19:07,20:41,9,Station_19,Station_20,9
2023-02-17,Train,Route_3,17:40,19:14,2,Station_11,Station_13,5
2023-02-17,Metro,Route_3,12:52,13:14,81,Station_19,Station_17,8
2023-02-17,Bus,Route_10,14:48,15:06,45,Station_4,Station_2,6
2023-02-17,Tram,Route_4,06:38,08:10,54,Station_18,Station_3,6
2023-02-17,Metro,Route_6,05:40,06:11,62,Station_3,Station_20,10
2023-02-17,Metro,Route_8,14:31,16:41,46,Station_8,Station_14,15
2023-02-17,Tram,Route_7,07:28,08:48,73,Station_13,Station_8,13
2023-02-17,Bus,Route_7,08:46,09:38,82,Station_5,Station_14,4
2023-02-17,Tram,Route_3,18:57,19:49,27,Station_4,Station_13,2
2023-02-17,Bus,Route_2,21:12,22:20,45,Station_10,Station_8,9
2023-02-17,Bus,Route_10,16:41,17:18,49,Station_6,Station_16,7
2023-02-17,Bus,Route_9,07:32,08:18,63,Station_10,Station_19,7
2023-02-17,Tram,Route_2,06:06,08:02,2,Station_12,Station_5,7
2023-02-17,Tram,Route_5,10:46,11:09,10,Station_17,Station_2,0
2023-02-17,Bus,Route_9,17:04,17:24,2,Station_17,Station_14,7
2023-02-17,Train,Route_6,07:42,09:32,69,Station_4,Station_2,4
2023-02-17,Train,Route_10,10:15,12:06,47,Station_15,Station_5,13
2023-02-17,Tram,Route_4,18:47,20:20,40,Station_15,Station_10,15
2023-02-17,Bus,Route_8,07:42,09:13,91,Station_17,Station_10,2
2023-02-17,Tram,Route_2,08:36,10:32,47,Station_12,Station_2,14
2023-02-17,Train,Route_7,11:37,13:11,42,Station_12,Station_4,15
2023-02-17,Bus,Route_7,06:11,07:23,70,Station_11,Station_18,12
2023-02-18,Bus,Route_3,08:22,09:05,23,Station_13,Station_4,8
2023-02-18,Tram,Route_5,17:03,18:31,62,Station_2,Station_5,5
2023-02-18,Tram,Route_2,13:07,13:21,66,Station_12,Station_1,4
2023-02-18,Tram,Route_5,12:39,12:56,69,Station_5,Station_13,4
2023-02-18,Bus,Route_4,14:45,15:27,58,Station_8,Station_16,6
2023-02-18,Bus,Route_8,16:38,18:22,68,Station_1,Station_9,7
2023-02-18,Bus,Route_7,12:06,13:05,87,Station_4,Station_19,0
2023-02-18,Bus,Route_9,13:19,15:28,27,Station_19,Station_16,14
2023-02-18,Tram,Route_3,11:49,13:02,60,Station_20,Station_20,9
2023-02-18,Tram,Route_2,12:05,14:11,1,Station_2,Station_16,11
2023-02-18,Metro,Route_10,05:30,05:59,11,Station_1,Station_5,9
2023-02-18,Bus,Route_6,05:24,06:07,66,Station_1,Station_6,4
2023-02-18,Train,Route_10,20:38,22:23,44,Station_9,Station_3,6
2023-02-18,Train,Route_10,07:06,08:02,19,Station_4,Station_1,13
2023-02-18,Bus,Route_5,09:49,11:41,84,Station_7,Station_19,5
2023-02-18,Train,Route_3,14:33,15:38,59,Station_13,Station_5,7
2023-02-18,Metro,Route_5,16:39,18:38,1,Station_14,Station_6,15
2023-02-18,Bus,Route_5,12:18,13:37,41,Station_8,Station_3,8
2023-02-18,Metro,Route_1,09:38,09:46,14,Station_8,Station_6,5
2023-02-18,Train,Route_10,14:11,15:54,7,Station_11,Station_3,10
2023-02-18,Tram,Route_1,11:37,12:30,57,Station_2,Station_20,10
2023-02-18,Train,Route_6,13:23,13:37,44,Station_11,Station_12,2
2023-02-18,Tram,Route_4,16:16,16:34,64,Station_8,Station_1,8
2023-02-18,Bus,Route_4,05:05,05:52,13,Station_4,Station_6,11
2023-02-18,Tram,Route_8,22:58,24:00,23,Station_15,Station_8,2
2023-02-18,Bus,Route_8,03:36,05:39,37,Station_13,Station_15,12
2023-02-18,Metro,Route_2,14:32,14:51,87,Station_7,Station_14,4
2023-02-18,Tram,Route_7,13:34,15:42,47,Station_1,Station_17,11
2023-02-18,Metro,Route_4,14:25,16:11,18,Station_12,Station_16,11
2023-02-18,Bus,Route_7,10:54,11:10,65,Station_11,Station_7,14
2023-02-18,Train,Route_8,22:30,22:55,18,Station_12,Station_8,9
2023-02-18,Train,Route_9,22:23,23:26,32,Station_1,Station_17,1
2023-02-19,Bus,Route_7,21:55,23:05,89,Station_14,Station_20,2
2023-02-19,Tram,Route_10,18:13,18:53,28,Station_5,Station_8,8
2023-02-19,Metro,Route_4,16:52,17:19,26,Station_11,Station_5,6
2023-02-19,Tram,Route_6,08:36,09:14,97,Station_15,Station_15,14
2023-02-19,Train,Route_2,16:36,18:18,58,Station_9,Station_9,10
2023-02-19,Tram,Route_9,13:52,15:53,7,Station_6,Station_11,7
2023-02-19,Bus,Route_6,08:28,08:40,67,Station_13,Station_4,2
2023-02-19,Tram,Route_8,22:02,24:03,11,Station_7,Station_12,8
2023-02-19,Train,Route_7,17:22,18:30,18,Station_15,Station_2,10
2023-02-19,Bus,Route_9,09:10,10:06,59,Station_2,Station_6,8
2023-02-19,Train,Route_3,10:56,12:04,71,Station_20,Station_14,8
2023-02-19,Bus,Route_2,11:44,12:09,68,Station_14,Station_8,8
2023-02-19,Tram,Route_3,09:43,11:44,36,Station_18,Station_12,2
2023-02-19,Bus,Route_4,17:05,17:29,31,Station_4,Station_3,2
2023-02-19,Tram,Route_6,18:59,19:35,98,Station_6,Station_9,12
2023-02-19,Tram,Route_1,09:04,10:48,38,Station_20,Station_7,7
2023-02-19,Tram,Route_1,15:19,15:59,90,Station_18,Station_15,6
2023-02-19,Tram,Route_6,16:57,17:13,6,Station_16,Station_4,1
2023-02-19,Train,Route_2,21:56,23:29,38,Station_11,Station_4,0
2023-02-19,Tram,Route_6,13:25,13:44,50,Station_4,Station_5,4
2023-02-19,Bus,Route_10,18:01,19:27,88,Station_8,Station_10,2
2023-02-19,Metro,Route_10,08:49,10:28,50,Station_2,Station_11,3
2023-02-19,Bus,Route_7,10:41,11:49,78,Station_9,Station_13,10
2023-02-19,Train,Route_2,15:46,16:08,32,Station_19,Station_6,5
2023-02-19,Bus,Route_3,22:15,24:20,68,Station_6,Station_15,8
2023-02-19,Bus,Route_7,03:56,05:49,69,Station_12,Station_19,7
2023-02-19,Train,Route_1,05:25,05:50,7,Station_9,Station_4,9
2023-02-19,Bus,Route_8,09:39,11:18,38,Station_16,Station_7,6
2023-02-19,Metro,Route_8,22:54,23:33,53,Station_17,Station_1,13
2023-02-19,Train,Route_3,20:27,21:24,70,Station_7,Station_3,5
2023-02-19,Tram,Route_3,17:17,19:12,81,Station_1,Station_7,8
2023-02-19,Metro,Route_9,22:56,24:22,25,Station_18,Station_20,13
2023-02-20,Bus,Route_7,11:11,11:59,17,Station_18,Station_9,9
2023-02-20,Train,Route_2,09:20,09:51,69,Station_17,Station_5,0
2023-02-20,Metro,Route_4,13:26,13:55,23,Station_11,Station_12,4
2023-02-20,Train,Route_3,22:53,24:17,38,Station_8,Station_13,14
2023-02-20,Bus,Route_10,15:06,16:17,84,Station_6,Station_6,14
2023-02-20,Train,Route_10,12:29,13:02,69,Station_8,Station_4,12
2023-02-20,Metro,Route_8,22:48,23:42,72,Station_7,Station_18,2
2023-02-20,Tram,Route_2,06:19,07:09,53,Station_9,Station_9,9
2023-02-20,Train,Route_3,17:15,19:20,91,Station_11,Station_1,9
2023-02-20,Train,Route_10,15:45,17:22,54,Station_1,Station_11,2
2023-02-20,Train,Route_9,17:22,18:57,14,Station_5,Station_16,9
2023-02-20,Bus,Route_2,07:13,08:20,41,Station_18,Station_18,14
2023-02-20,Bus,Route_6,21:12,21:29,88,Station_18,Station_15,15
2023-02-20,Tram,Route_10,11:45,12:09,97,Station_11,Station_11,13
2023-02-20,Train,Route_4,17:38,18:24,54,Station_5,Station_10,4
2023-02-20,Train,Route_1,10:11,12:02,94,Station_5,Station_3,15
2023-02-20,Train,Route_6,19:54,20:58,47,Station_5,Station_12,8
2023-02-20,Train,Route_5,16:30,18:21,38,Station_10,Station_8,15
2023-02-20,Tram,Route_2,12:52,13:44,75,Station_4,Station_15,3
2023-02-20,Metro,Route_4,15:30,17:28,32,Station_17,Station_20,12
2023-02-20,Tram,Route_8,05:18,06:41,77,Station_3,Station_20,2
2023-02-20,Tram,Route_1,05:08,05:48,39,Station_8,Station_6,12
2023-02-20,Bus,Route_6,19:38,21:48,14,Station_7,Station_10,12
2023-02-20,Metro,Route_5,08:40,10:09,35,Station_3,Station_13,5
2023-02-20,Bus,Route_5,10:18,10:47,9,Station_11,Station_3,7
2023-02-20,Metro,Route_6,08:41,09:51,37,Station_12,Station_19,15
2023-02-20,Bus,Route_1,16:14,17:50,38,Station_18,Station_1,9
2023-02-20,Tram,Route_3,13:08,14:48,59,Station_2,Station_14,0
2023-02-20,Tram,Route_9,06:56,07:48,6,Station_8,Station_17,12
2023-02-20,Tram,Route_9,13:42,15:30,33,Station_15,Station_4,10
2023-02-20,Bus,Route_4,18:15,18:50,20,Station_15,Station_7,13
2023-02-20,Tram,Route_2,14:05,16:14,81,Station_9,Station_3,14
2023-02-21,Bus,Route_6,12:14,13:23,90,Station_14,Station_17,9
2023-02-21,Bus,Route_9,21:13,22:04,46,Station_10,Station_7,4
2023-02-21,Train,Route_7,18:57,20:10,53,Station_2,Station_17,4
2023-02-21,Tram,Route_1,09:45,10:43,74,Station_13,Station_10,14
2023-02-21,Bus,Route_1,09:19,09:59,61,Station_7,Station_11,12
2023-02-21,Tram,Route_9,21:05,21:42,5,Station_16,Station_12,11
2023-02-21,Tram,Route_3,13:57,14:59,33,Station_18,Station_16,14
2023-02-21,Train,Route_5,14:26,14:54,98,Station_8,Station_19,8
2023-02-21,Tram,Route_3,06:00,07:38,1,Station_4,Station_1,13
2023-02-21,Bus,Route_9,15:53,16:53,58,Station_15,Station_10,1
2023-02-21,Metro,Route_1,21:15,21:48,45,Station_10,Station_11,12
2023-02-21,Metro,Route_9,17:16,17:27,15,Station_19,Station_13,9
2023-02-21,Tram,Route_8,10:12,10:27,54,Station_18,Station_17,12
2023-02-21,Bus,Route_2,06:15,07:52,65,Station_19,Station_20,12
2023-02-21,Train,Route_10,22:28,23:56,70,Station_5,Station_15,8
2023-02-21,Tram,Route_1,05:27,05:56,7,Station_5,Station_5,12
2023-02-21,Tram,Route_3,08:31,09:37,51,Station_10,Station_4,11
2023-02-21,Tram,Route_4,19:35,20:28,9,Station_17,Station_13,12
2023-02-21,Metro,Route_3,08:39,10:16,69,Station_20,Station_20,11
2023-02-21,Bus,Route_5,03:59,05:15,69,Station_18,Station_20,12
2023-02-21,Metro,Route_7,13:39,14:15,60,Station_15,Station_12,13
2023-02-21,Bus,Route_6,21:57,23:00,19,Station_13,Station_3,0
2023-02-21,Train,Route_5,16:21,18:08,15,Station_20,Station_17,10
2023-02-21,Metro,Route_2,09:25,10:08,39,Station_9,Station_16,12
2023-02-21,Train,Route_10,06:11,06:56,3,Station_1,Station_12,6
2023-02-21,Bus,Route_3,07:31,08:45,94,Station_7,Station_12,6
2023-02-21,Train,Route_5,14:56,15:44,52,Station_7,Station_20,11
2023-02-21,Train,Route_8,20:22,21:12,29,Station_19,Station_6,7
2023-02-21,Train,Route_5,15:08,16:14,28,Station_7,Station_20,0
2023-02-21,Train,Route_3,15:53,16:35,18,Station_3,Station_9,14
2023-02-21,Bus,Route_8,11:29,12:06,91,Station_9,Station_15,8
2023-02-21,Metro,Route_2,10:15,11:21,87,Station_18,Station_19,13
2023-02-22,Train,Route_1,05:35,06:37,62,Station_11,Station_13,6
2023-02-22,Train,Route_2,16:05,17:40,66,Station_7,Station_14,13
2023-02-22,Metro,Route_4,21:12,21:28,9,Station_15,Station_15,11
2023-02-22,Metro,Route_2,07:46,09:26,62,Station_17,Station_17,10
2023-02-22,Bus,Route_9,16:50,17:40,24,Station_13,Station_18,10
2023-02-22,Train,Route_1,06:49,07:14,45,Station_10,Station_4,1
2023-02-22,Bus,Route_4,15:08,16:30,30,Station_7,Station_6,8
2023-02-22,Train,Route_4,14:22,15:17,74,Station_20,Station_7,6
2023-02-22,Train,Route_3,05:34,07:36,77,Station_1,Station_18,11
2023-02-22,Tram,Route_5,12:32,13:25,93,Station_18,Station_9,15
2023-02-22,Bus,Route_7,06:26,08:02,24,Station_12,Station_7,3
2023-02-22,Metro,Route_8,09:51,10:24,35,Station_14,Station_3,13
2023-02-22,Metro,Route_7,15:19,16:56,46,Station_15,Station_11,1
2023-02-22,Metro,Route_5,16:56,19:11,11,Station_3,Station_6,15
2023-02-22,Bus,Route_7,20:02,21:42,72,Station_19,Station_7,1
2023-02-22,Metro,Route_7,14:57,16:58,67,Station_2,Station_4,15
2023-02-22,Bus,Route_9,17:42,18:58,33,Station_7,Station_15,15
2023-02-22,Train,Route_1,10:14,11:34,18,Station_15,Station_3,2
2023-02-22,Tram,Route_8,17:08,17:35,35,Station_4,Station_8,0
2023-02-22,Metro,Route_3,21:59,23:05,46,Station_18,Station_13,13
2023-02-22,Tram,Route_6,12:44,13:08,25,Station_17,Station_14,12
2023-02-22,Bus,Route_3,10:25,12:10,58,Station_1,Station_1,3
2023-02-22,Tram,Route_6,06:57,09:01,52,Station_5,Station_7,9
2023-02-22,Train,Route_5,12:15,13:07,81,Station_18,Station_16,12
2023-02-22,Bus,Route_8,03:51,05:24,3,Station_8,Station_15,11
2023-02-22,Train,Route_1,21:24,23:12,43,Station_1,Station_17,12
2023-02-22,Metro,Route_8,17:27,18:59,50,Station_8,Station_14,15
2023-02-22,Bus,Route_3,18:06,18:42,18,Station_9,Station_11,12
2023-02-22,Tram,Route_10,11:09,11:24,77,Station_11,Station_9,10
2023-02-22,Tram,Route_3,09:04,10:02,38,Station_3,Station_20,8
2023-02-22,Metro,Route_4,08:44,08:59,74,Station_20,Station_10,14
2023-02-22,Tram,Route_4,08:56,10:30,70,Station_5,Station_3,9
2023-02-23,Tram,Route_6,11:10,13:54,9,Station_16,Station_6,60
2023-02-23,Metro,Route_9,08:11,09:21,83,Station_7,Station_15,57
2023-02-23,Metro,Route_8,11:37,13:07,85,Station_13,Station_2,68
2023-02-23,Metro,Route_10,06:22,08:14,52,Station_18,Station_12,36
2023-02-23,Metro,Route_1,20:08,22:11,42,Station_15,Station_12,27
2023-02-23,Tram,Route_8,10:40,11:33,85,Station_4,Station_20,34
2023-02-23,Train,Route_7,20:23,21:39,5,Station_15,Station_11,56
2023-02-23,Metro,Route_10,16:34,18:50,69,Station_11,Station_16,26
2023-02-23,Train,Route_7,16:46,19:04,83,Station_14,Station_12,64
2023-02-23,Bus,Route_8,05:10,06:58,67,Station_17,Station_11,43
2023-02-23,Metro,Route_9,18:40,20:28,50,Station_13,Station_9,22
2023-02-23,Tram,Route_6,15:24,18:13,3,Station_13,Station_17,57
2023-02-23,Tram,Route_8,13:36,16:09,92,Station_18,Station_3,50
2023-02-23,Tram,Route_8,13:38,15:25,44,Station_13,Station_13,64
2023-02-23,Bus,Route_4,20:45,23:29,28,Station_11,Station_8,58
2023-02-23,Metro,Route_5,06:12,07:17,30,Station_5,Station_6,34
2023-02-23,Metro,Route_3,16:38,19:14,2,Station_6,Station_14,61
2023-02-23,Tram,Route_10,14:05,15:06,49,Station_12,Station_18,40
2023-02-23,Bus,Route_4,17:13,18:35,62,Station_16,Station_17,45
2023-02-23,Tram,Route_10,06:23,08:00,1,Station_13,Station_17,23
2023-02-23,Metro,Route_3,06:21,07:23,68,Station_4,Station_5,20
2023-02-23,Train,Route_5,17:06,18:13,22,Station_4,Station_14,65
2023-02-23,Bus,Route_7,13:29,14:41,40,Station_14,Station_13,60
2023-02-23,Metro,Route_1,16:51,17:58,20,Station_13,Station_2,29
2023-02-23,Tram,Route_3,13:40,15:14,4,Station_10,Station_12,32
2023-02-23,Metro,Route_7,16:11,17:56,93,Station_5,Station_12,51
2023-02-23,Metro,Route_9,08:14,11:02,73,Station_4,Station_16,66
2023-02-23,Bus,Route_5,12:35,13:48,75,Station_4,Station_14,30
2023-02-23,Bus,Route_3,14:33,16:00,79,Station_6,Station_12,20
2023-02-23,Bus,Route_3,17:39,18:22,42,Station_11,Station_5,28
2023-02-23,Train,Route_7,17:27,18:53,90,Station_16,Station_11,27
2023-02-23,Tram,Route_8,18:24,20:12,17,Station_12,Station_14,27
2023-02-24,Tram,Route_9,21:56,23:03,78,Station_17,Station_11,9
2023-02-24,Train,Route_10,06:03,07:11,45,Station_1,Station_9,8
2023-02-24,Bus,Route_1,07:44,08:00,63,Station_20,Station_15,3
2023-02-24,Metro,Route_1,15:45,15:51,41,Station_18,Station_5,1
2023-02-24,Bus,Route_5,16:15,17:46,74,Station_4,Station_14,9
2023-02-24,Metro,Route_5,19:43,21:36,1,Station_6,Station_7,14
2023-02-24,Bus,Route_5,08:56,10:50,38,Station_18,Station_18,14
2023-02-24,Train,Route_3,06:04,08:08,52,Station_18,Station_18,15
2023-02-24,Train,Route_6,09:11,10:04,76,Station_20,Station_20,0
2023-02-24,Train,Route_4,13:10,15:06,6,Station_11,Station_16,14
2023-02-24,Bus,Route_1,18:41,19:33,89,Station_1,Station_2,10
2023-02-24,Metro,Route_5,20:58,22:05,45,Station_7,Station_19,15
2023-02-24,Metro,Route_7,17:54,19:26,88,Station_12,Station_2,10
2023-02-24,Tram,Route_3,12:24,13:50,85,Station_20,Station_4,7
2023-02-24,Train,Route_9,16:08,16:55,8,Station_15,Station_15,11
2023-02-24,Tram,Route_8,21:58,23:35,73,Station_5,Station_5,10
2023-02-24,Bus,Route_9,08:57,09:56,84,Station_8,Station_17,3
2023-02-24,Metro,Route_1,06:27,08:01,99,Station_11,Station_19,11
2023-02-24,Metro,Route_8,10:49,12:28,4,Station_18,Station_20,9
2023-02-24,Metro,Route_4,20:37,21:45,62,Station_16,Station_5,2
2023-02-24,Metro,Route_5,18:00,19:48,27,Station_12,Station_2,6
2023-02-24,Bus,Route_8,11:42,13:00,82,Station_8,Station_8,12
2023-02-24,Train,Route_4,07:50,10:00,5,Station_6,Station_6,10
2023-02-24,Bus,Route_3,09:09,11:20,69,Station_4,Station_5,14
2023-02-24,Train,Route_6,10:05,10:28,46,Station_17,Station_14,5
2023-02-24,Bus,Route_3,12:29,12:59,16,Station_20,Station_13,15
2023-02-24,Bus,Route_6,17:41,19:28,23,Station_11,Station_18,13
2023-02-24,Metro,Route_6,17:50,18:04,44,Station_9,Station_5,2
2023-02-24,Metro,Route_2,12:28,12:33,81,Station_19,Station_5,0
2023-02-24,Tram,Route_8,14:20,16:27,79,Station_17,Station_5,15
2023-02-24,Tram,Route_10,21:35,22:47,71,Station_1,Station_14,11
2023-02-24,Metro,Route_4,10:06,11:05,29,Station_20,Station_19,7
2023-02-25,Metro,Route_10,15:02,16:59,56,Station_19,Station_19,14
2023-02-25,Tram,Route_9,18:45,19:29,23,Station_9,Station_10,3
2023-02-25,Tram,Route_10,14:19,15:11,10,Station_13,Station_18,4
2023-02-25,Tram,Route_4,17:58,18:38,71,Station_4,Station_1,6
2023-02-25,Train,Route_7,13:00,14:47,62,Station_15,Station_6,1
2023-02-25,Metro,Route_8,17:16,18:30,28,Station_4,Station_17,5
2023-02-25,Bus,Route_8,19:42,20:28,7,Station_9,Station_9,12
2023-02-25,Train,Route_10,11:03,12:29,52,Station_5,Station_20,7
2023-02-25,Metro,Route_3,10:44,11:43,38,Station_18,Station_5,14
2023-02-25,Bus,Route_4,17:04,18:18,11,Station_12,Station_7,2
2023-02-25,Tram,Route_5,05:16,07:24,98,Station_16,Station_9,13
2023-02-25,Tram,Route_8,06:34,07:26,10,Station_18,Station_16,11
2023-02-25,Bus,Route_7,07:40,08:04,17,Station_5,Station_13,13
2023-02-25,Metro,Route_7,06:33,08:06,46,Station_3,Station_14,8
2023-02-25,Metro,Route_8,12:46,14:26,90,Station_19,Station_3,12
2023-02-25,Train,Route_1,19:52,20:27,23,Station_5,Station_16,9
2023-02-25,Metro,Route_6,12:25,13:02,76,Station_1,Station_15,7
2023-02-25,Train,Route_1,18:51,20:16,23,Station_16,Station_9,10
2023-02-25,Train,Route_5,17:01,17:55,76,Station_12,Station_11,12
2023-02-25,Bus,Route_1,18:34,19:18,21,Station_17,Station_3,2
2023-02-25,Train,Route_9,21:46,22:21,49,Station_10,Station_1,11
2023-02-25,Bus,Route_2,08:56,10:51,7,Station_9,Station_5,11
2023-02-25,Bus,Route_4,17:10,19:01,76,Station_19,Station_15,0
2023-02-25,Bus,Route_8,21:12,22:22,9,Station_7,Station_11,15
2023-02-25,Train,Route_6,05:19,06:29,50,Station_15,Station_13,3
2023-02-25,Train,Route_3,10:03,11:45,16,Station_18,Station_10,1
2023-02-25,Metro,Route_9,15:35,17:13,38,Station_4,Station_10,9
2023-02-25,Tram,Route_1,20:41,21:27,64,Station_2,Station_7,14
2023-02-25,Tram,Route_4,16:50,18:22,45,Station_1,Station_11,12
2023-02-25,Bus,Route_3,11:08,11:59,87,Station_5,Station_20,0
2023-02-25,Metro,Route_1,13:25,14:04,75,Station_6,Station_12,5
2023-02-25,Tram,Route_7,20:25,21:18,45,Station_10,Station_7,15
2023-02-26,Train,Route_5,20:58,22:33,52,Station_16,Station_4,49
2023-02-26,Metro,Route_3,08:32,10:05,98,Station_15,Station_18,39
2023-02-26,Bus,Route_1,15:51,17:16,8,Station_15,Station_3,67
2023-02-26,Metro,Route_5,22:52,24:32,37,Station_14,Station_8,57
2023-02-26,Tram,Route_4,12:51,14:03,77,Station_10,Station_7,37
2023-02-26,Train,Route_3,07:29,08:53,87,Station_5,Station_9,62
2023-02-26,Tram,Route_10,17:20,19:45,33,Station_9,Station_8,59
2023-02-26,Tram,Route_8,10:06,11:15,3,Station_6,Station_15,19
2023-02-26,Metro,Route_2,19:30,21:25,45,Station_6,Station_6,67
2023-02-26,Train,Route_2,07:15,09:51,63,Station_20,Station_12,49
2023-02-26,Bus,Route_9,21:06,21:53,68,Station_4,Station_16,32
2023-02-26,Metro,Route_6,14:48,17:05,26,Station_6,Station_2,42
2023-02-26,Bus,Route_9,07:06,08:42,10,Station_3,Station_18,44
2023-02-26,Train,Route_7,19:36,21:21,32,Station_6,Station_11,53
2023-02-26,Metro,Route_6,15:16,16:52,86,Station_2,Station_13,72
2023-02-26,Bus,Route_1,10:04,10:20,99,Station_1,Station_18,14
2023-02-26,Bus,Route_9,15:02,16:45,57,Station_9,Station_4,35
2023-02-26,Bus,Route_9,03:38,04:27,6,Station_8,Station_16,30
2023-02-26,Bus,Route_9,18:39,20:10,24,Station_16,Station_9,54
2023-02-26,Bus,Route_3,08:40,10:18,41,Station_8,Station_17,32
2023-02-26,Train,Route_4,11:55,13:48,70,Station_11,Station_17,64
2023-02-26,Train,Route_1,06:36,08:51,70,Station_10,Station_20,69
2023-02-26,Train,Route_9,20:39,23:00,33,Station_14,Station_11,28
2023-02-26,Bus,Route_3,17:01,19:22,85,Station_19,Station_19,36
2023-02-26,Tram,Route_1,15:39,18:22,31,Station_9,Station_1,65
2023-02-26,Bus,Route_9,20:17,21:30,38,Station_16,Station_10,63
2023-02-26,Train,Route_9,17:15,18:58,59,Station_1,Station_16,43
2023-02-26,Metro,Route_5,07:29,08:30,52,Station_8,Station_6,42
2023-02-26,Train,Route_4,19:39,21:03,75,Station_3,Station_10,70
2023-02-26,Train,Route_6,18:48,21:29,20,Station_15,Station_8,54
2023-02-26,Tram,Route_10,14:19,16:33,55,Station_11,Station_7,29
2023-02-26,Bus,Route_9,17:34,19:21,59,Station_5,Station_15,27
2023-02-27,Tram,Route_6,06:03,08:07,45,Station_5,Station_9,8
2023-02-27,Tram,Route_9,20:37,21:02,90,Station_20,Station_16,5
2023-02-27,Bus,Route_9,14:46,15:18,41,Station_19,Station_14,15
2023-02-27,Bus,Route_5,18:56,19:00,2,Station_7,Station_7,3
2023-02-27,Metro,Route_8,11:18,12:26,66,Station_7,Station_10,8
2023-02-27,Train,Route_7,16:51,18:18,11,Station_1,Station_6,11
2023-02-27,Metro,Route_9,09:23,10:48,47,Station_5,Station_17,14
2023-02-27,Metro,Route_7,19:32,19:46,22,Station_8,Station_1,3
2023-02-27,Bus,Route_4,17:00,17:34,51,Station_6,Station_8,14
2023-02-27,Bus,Route_7,22:43,24:31,9,Station_6,Station_13,2
2023-02-27,Tram,Route_5,22:03,23:03,87,Station_16,Station_7,12
2023-02-27,Tram,Route_8,20:17,20:34,89,Station_5,Station_17,2
2023-02-27,Train,Route_5,20:51,22:27,1,Station_5,Station_18,3
2023-02-27,Metro,Route_9,18:53,20:29,20,Station_6,Station_20,3
2023-02-27,Train,Route_7,12:56,14:09,94,Station_1,Station_3,6
2023-02-27,Bus,Route_6,19:47,20:15,19,Station_3,Station_8,4
2023-02-27,Train,Route_2,21:41,23:28,81,Station_6,Station_17,0
2023-02-27,Tram,Route_7,06:30,07:10,73,Station_16,Station_1,6
2023-02-27,Tram,Route_5,16:04,17:35,88,Station_13,Station_15,9
2023-02-27,Tram,Route_2,08:27,09:17,83,Station_2,Station_18,9
2023-02-27,Train,Route_3,18:16,20:04,62,Station_9,Station_7,14
2023-02-27,Metro,Route_10,15:30,16:33,6,Station_20,Station_7,13
2023-02-27,Tram,Route_3,14:34,16:21,85,Station_3,Station_17,11
2023-02-27,Bus,Route_1,14:17,15:24,79,Station_10,Station_4,14
2023-02-27,Bus,Route_8,18:16,18:26,89,Station_13,Station_19,0
2023-02-27,Train,Route_3,05:12,06:17,64,Station_17,Station_12,1
2023-02-27,Train,Route_1,12:00,12:32,85,Station_2,Station_2,7
2023-02-27,Train,Route_9,08:46,10:58,72,Station_18,Station_19,13
2023-02-27,Bus,Route_9,06:32,07:55,97,Station_19,Station_19,4
2023-02-27,Metro,Route_7,18:27,20:22,8,Station_9,Station_10,15
2023-02-27,Train,Route_2,19:23,19:51,3,Station_1,Station_12,2
2023-02-27,Tram,Route_1,06:12,07:59,1,Station_10,Station_9,10
